{"0": {"traj_sm": [[255.51919555664062, 682.6138305664062], [544.1090087890625, 745.118896484375], [544.8682861328125, 706.998291015625]], "pose_sm": [[[267.8432922363281, 669.1151123046875], [256.494873046875, 674.8912963867188], [251.12646484375, 665.7174072265625], [250.4468994140625, 673.736083984375], [246.36962890625, 679.9879150390625], [266.8919372558594, 665.7174072265625], [246.09780883789062, 684.065185546875], [247.72872924804688, 679.716064453125], [253.84463500976562, 665.7174072265625], [259.41693115234375, 674.0079345703125], [255.33963012695312, 690.8607177734375], [264.1737365722656, 665.7174072265625], [259.41693115234375, 675.366943359375], [256.15509033203125, 691.1324462890625], [252.21371459960938, 665.7174072265625], [252.21371459960938, 665.7174072265625], [250.0391845703125, 665.7174072265625], [268.1151123046875, 667.21240234375]], [[543.68798828125, 663.6467895507812], [553.8193969726562, 693.1199340820312], [530.79345703125, 682.0675048828125], [532.6356201171875, 702.3302612304688], [545.530029296875, 700.4881591796875], [549.2142333984375, 682.0675048828125], [558.424560546875, 704.17236328125], [540.0037841796875, 698.6461181640625], [540.0037841796875, 720.7509765625], [541.845947265625, 746.5399169921875], [534.4776611328125, 834.9592895507812], [551.0562744140625, 722.593017578125], [543.68798828125, 748.3820190429688], [532.6356201171875, 833.1171875], [543.68798828125, 661.8047485351562], [545.530029296875, 661.8047485351562], [540.0037841796875, 665.4888916015625], [549.2142333984375, 663.6467895507812]], [[542.0186767578125, 670.6527099609375], [539.6260986328125, 691.7073059082031], [529.5773315429688, 687.8792114257812], [542.0186767578125, 698.406494140625], [546.8038330078125, 696.492431640625], [524.7921752929688, 685.0081176757812], [554.4600219726562, 698.406494140625], [544.8897705078125, 693.6213989257812], [543.9327392578125, 717.5470581054688], [547.7608642578125, 734.7735595703125], [542.9757080078125, 748.1719360351562], [545.8468017578125, 715.6329956054688], [550.6318969726562, 731.9024658203125], [543.9327392578125, 748.1719360351562], [548.7178344726562, 665.8676147460938], [545.8468017578125, 664.9105834960938], [534.3624877929688, 671.6097412109375], [550.6318969726562, 664.9105834960938]]], "start": 1}}