{"0": {"traj_sm": [[1092.576416015625, 621.8001708984375], [1092.33935546875, 621.70703125], [1090.94873046875, 621.727783203125], [1091.041259765625, 622.2897338867188], [1092.188232421875, 622.5269775390625], [1092.5404052734375, 621.7957153320312], [1093.8284912109375, 623.068603515625], [1096.569580078125, 627.5655517578125], [1097.465087890625, 628.1975708007812], [1101.0186767578125, 628.4157104492188], [1132.199951171875, 627.2413330078125], [1215.6746826171875, 593.9813842773438], [1215.3388671875, 597.8882446289062], [1215.1541748046875, 597.6181640625], [706.04150390625, 700.7310791015625], [529.2321166992188, 677.85498046875]], "pose_sm": [[[1093.26171875, 612.1088256835938], [1088.2586669921875, 617.2971801757812], [1092.5205078125, 615.0736083984375], [1094.3734130859375, 618.779541015625], [1095.4852294921875, 621.7443237304688], [1088.8145751953125, 615.0736083984375], [1087.7027587890625, 619.520751953125], [1088.8145751953125, 623.2266845703125], [1093.6322021484375, 623.2266845703125], [1093.6322021484375, 631.0091552734375], [1091.779296875, 639.1622314453125], [1090.296875, 623.5972900390625], [1091.40869140625, 631.0091552734375], [1091.779296875, 637.3092651367188], [1092.14990234375, 610.9970703125], [1090.296875, 611.36767578125], [1091.779296875, 610.9970703125], [1089.1851806640625, 610.9970703125]], [[1092.2884521484375, 612.4743041992188], [1087.8812255859375, 617.6161193847656], [1092.2884521484375, 615.0452270507812], [1094.1248779296875, 618.7179565429688], [1095.2266845703125, 621.6561279296875], [1088.24853515625, 615.4124755859375], [1087.513916015625, 619.8197631835938], [1088.9830322265625, 623.125244140625], [1093.3902587890625, 623.4924926757812], [1093.3902587890625, 631.2052001953125], [1091.9212646484375, 638.9179077148438], [1090.0848388671875, 623.8597412109375], [1091.553955078125, 631.2052001953125], [1091.9212646484375, 637.4488525390625], [1091.9212646484375, 611.73974609375], [1090.0848388671875, 611.3724975585938], [1091.553955078125, 611.3724975585938], [1088.9830322265625, 611.3724975585938]], [[1091.99169921875, 611.911376953125], [1088.1908569335938, 617.5220642089844], [1091.99169921875, 615.169189453125], [1093.07763671875, 619.1509399414062], [1093.801513671875, 622.4088134765625], [1088.73388671875, 615.169189453125], [1087.6478271484375, 619.8749389648438], [1089.0958251953125, 623.856689453125], [1092.715576171875, 623.4947509765625], [1093.07763671875, 631.4583129882812], [1092.715576171875, 637.25], [1089.81982421875, 623.856689453125], [1091.2677001953125, 631.4583129882812], [1091.629638671875, 637.25], [1091.99169921875, 611.1873779296875], [1089.81982421875, 611.5493774414062], [1091.629638671875, 611.1873779296875], [1089.0958251953125, 611.5493774414062]], [[1092.4542236328125, 612.0160522460938], [1087.88916015625, 618.0420227050781], [1092.4542236328125, 615.3029174804688], [1093.9150390625, 619.6854248046875], [1095.0107421875, 623.3375244140625], [1088.43701171875, 615.6681518554688], [1087.34130859375, 620.4158935546875], [1087.70654296875, 624.0679321289062], [1093.1846923828125, 624.4331665039062], [1093.5499267578125, 632.1025390625], [1094.2802734375, 636.8502197265625], [1089.5325927734375, 624.79833984375], [1090.993408203125, 632.1025390625], [1091.358642578125, 637.9458618164062], [1092.0889892578125, 610.5552368164062], [1089.1673583984375, 611.65087890625], [1091.358642578125, 611.28564453125], [1088.8021240234375, 611.65087890625]], [[1089.8438720703125, 612.21826171875], [1087.7579956054688, 618.2862854003906], [1093.2572021484375, 615.2522583007812], [1094.774169921875, 619.8032836914062], [1095.53271484375, 623.5958251953125], [1088.326904296875, 616.0107421875], [1087.1890869140625, 620.5618286132812], [1087.9476318359375, 624.3543701171875], [1093.6363525390625, 624.7335815429688], [1094.015625, 631.9393920898438], [1094.3948974609375, 637.2489624023438], [1090.22314453125, 625.1128540039062], [1091.36083984375, 631.9393920898438], [1091.7401123046875, 638.38671875], [1090.6024169921875, 611.459716796875], [1089.0853271484375, 611.459716796875], [1091.36083984375, 611.459716796875], [1088.7061767578125, 611.459716796875]], [[1089.28271484375, 612.2091674804688], [1088.0960083007812, 618.7357482910156], [1093.6336669921875, 615.7691040039062], [1095.2159423828125, 620.1201782226562], [1096.007080078125, 624.4712524414062], [1088.4915771484375, 616.1646728515625], [1087.700439453125, 621.3068237304688], [1088.4915771484375, 624.8668212890625], [1094.029296875, 624.8668212890625], [1094.029296875, 632.3822631835938], [1094.4248046875, 637.1288452148438], [1090.4693603515625, 625.2623291015625], [1091.656005859375, 632.77783203125], [1092.447021484375, 638.7110595703125], [1090.8648681640625, 611.4180908203125], [1089.28271484375, 611.8135986328125], [1092.051513671875, 611.8135986328125], [1089.28271484375, 611.8135986328125]], [[1091.0560302734375, 613.366455078125], [1089.51611328125, 619.1412658691406], [1094.9058837890625, 616.4463500976562], [1096.4459228515625, 620.6812133789062], [1097.2158203125, 624.9160766601562], [1089.901123046875, 616.8313598632812], [1089.131103515625, 621.451171875], [1089.901123046875, 624.5310668945312], [1095.2908935546875, 624.9160766601562], [1095.2908935546875, 631.8458862304688], [1095.2908935546875, 637.6206665039062], [1091.8260498046875, 625.3010864257812], [1092.98095703125, 632.2308349609375], [1093.7509765625, 638.3906860351562], [1092.2109375, 612.596435546875], [1090.6710205078125, 612.596435546875], [1093.365966796875, 612.596435546875], [1090.6710205078125, 612.596435546875]], [[1094.2667236328125, 617.0409545898438], [1092.2112426757812, 622.8335266113281], [1097.630126953125, 620.4043579101562], [1099.4986572265625, 624.5152587890625], [1100.619873046875, 628.2523803710938], [1092.7718505859375, 620.778076171875], [1091.650634765625, 624.8889770507812], [1091.650634765625, 628.2523803710938], [1098.0037841796875, 628.6260986328125], [1098.0037841796875, 635.7266845703125], [1098.3775634765625, 642.079833984375], [1094.640380859375, 628.9998168945312], [1096.13525390625, 636.1004028320312], [1096.8826904296875, 642.4535522460938], [1095.01416015625, 616.2935180664062], [1093.519287109375, 615.9197998046875], [1096.13525390625, 616.2935180664062], [1093.519287109375, 616.2935180664062]], [[1095.1270751953125, 618.29150390625], [1093.0458984375, 624.15673828125], [1098.53271484375, 621.6971435546875], [1100.8031005859375, 626.2379150390625], [1101.5599365234375, 630.02197265625], [1093.613525390625, 621.6971435546875], [1092.478271484375, 626.6163330078125], [1092.0999755859375, 630.400390625], [1098.9111328125, 630.02197265625], [1098.9111328125, 637.2115478515625], [1099.28955078125, 642.8875732421875], [1095.5054931640625, 630.400390625], [1097.0191650390625, 637.2115478515625], [1097.7760009765625, 643.2659912109375], [1096.2623291015625, 617.5347900390625], [1094.748779296875, 617.5347900390625], [1097.3975830078125, 617.5347900390625], [1094.370361328125, 617.5347900390625]], [[1104.0980224609375, 608.083251953125], [1095.96337890625, 624.7492065429688], [1099.7330322265625, 621.9715576171875], [1102.9075927734375, 626.7332763671875], [1104.0980224609375, 630.3045043945312], [1096.55859375, 622.3683471679688], [1095.3681640625, 627.1300659179688], [1095.7650146484375, 630.3045043945312], [1100.5267333984375, 630.7013549804688], [1100.5267333984375, 638.24072265625], [1100.9234619140625, 644.9864501953125], [1099.3363037109375, 630.7013549804688], [1100.5267333984375, 637.8438720703125], [1100.9234619140625, 643.399169921875], [1101.7171630859375, 605.3056030273438], [1107.2724609375, 605.3056030273438], [1098.939453125, 606.4960327148438], [1112.0341796875, 606.0992431640625]], [[1123.575927734375, 609.4932250976562], [1136.6917724609375, 625.3177185058594], [1124.003662109375, 618.7598266601562], [1122.2928466796875, 631.8756713867188], [1122.2928466796875, 632.7310180664062], [1140.541015625, 