{"0": {"traj_sm": [[701.7001953125, 640.5293579101562], [698.7958984375, 648.6919555664062]], "pose_sm": [[[692.611328125, 614.0892944335938], [712.7022399902344, 638.7462768554688], [701.7435913085938, 626.8743896484375], [700.830322265625, 645.1388549804688], [690.784912109375, 642.399169921875], [710.8757934570312, 627.78759765625], [714.5286865234375, 649.7049560546875], [711.7890014648438, 668.8826293945312], [706.3096923828125, 669.7958984375], [680.7394409179688, 648.791748046875], [690.784912109375, 676.1884155273438], [709.9625854492188, 669.7958984375], [683.4791259765625, 650.6181640625], [693.5245361328125, 676.1884155273438], [692.611328125, 610.4364013671875], [694.4378051757812, 610.4364013671875], [707.222900390625, 610.4364013671875], [702.6567993164062, 610.4364013671875]], [[682.5716552734375, 615.2039794921875], [705.7698059082031, 639.4811096191406], [687.9666137695312, 628.1517944335938], [687.9666137695312, 645.41552734375], [678.2557373046875, 644.3365478515625], [701.9933471679688, 628.1517944335938], [709.5462646484375, 650.8104248046875], [700.9143676757812, 672.39013671875], [695.5194702148438, 666.9951782226562], [687.9666137695312, 692.8908081054688], [700.9143676757812, 682.1009521484375], [701.9933471679688, 666.9951782226562], [647.5046997070312, 664.2977294921875], [697.6774291992188, 682.1009521484375], [681.49267578125, 611.967041015625], [684.7296142578125, 610.8880615234375], [681.49267578125, 613.0460205078125], [692.2825317382812, 610.8880615234375]]], "start": 1}}