{"0": {"traj_sm": [[1225.0928955078125, 722.8897705078125], [1226.462646484375, 723.4510498046875], [1225.3955078125, 722.6761474609375], [1224.9814453125, 722.902587890625], [1278.444580078125, 724.8319702148438], [1293.974853515625, 721.1719360351562]], "pose_sm": [[[1223.4718017578125, 721.2686157226562], [1216.7227172851562, 717.6048278808594], [1228.87109375, 712.7840576171875], [1231.956298828125, 720.497314453125], [1231.956298828125, 740.166015625], [1217.6868896484375, 713.1697387695312], [1215.758544921875, 722.0399169921875], [1218.8438720703125, 712.0127563476562], [1228.4853515625, 726.2822265625], [1230.79931640625, 733.9954223632812], [1231.18505859375, 737.4664306640625], [1220.0008544921875, 727.0535278320312], [1220.386474609375, 735.9237670898438], [1221.54345703125, 739.7803955078125], [1222.700439453125, 718.1832885742188], [1225.7857666015625, 718.1832885742188], [1231.956298828125, 720.8829345703125], [1215.758544921875, 719.3402709960938]], [[1223.4339599609375, 721.5366821289062], [1224.3626098632812, 725.9939575195312], [1231.2342529296875, 718.5651245117188], [1235.320068359375, 734.9085083007812], [1229.74853515625, 712.9935302734375], [1214.5194091796875, 716.7079467773438], [1234.205810546875, 735.2799682617188], [1218.23388671875, 712.6220703125], [1231.9771728515625, 735.6514282226562], [1234.94873046875, 736.394287109375], [1212.1051025390625, 746.9803466796875], [1214.14794921875, 738.6229248046875], [1223.4339599609375, 736.7657470703125], [1232.3486328125, 746.0517578125], [1219.7196044921875, 719.3080444335938], [1227.1484375, 712.9935302734375], [1233.462890625, 720.0509033203125], [1219.34814453125, 710.3934326171875]], [[1224.2723388671875, 713.9783935546875], [1211.4675903320312, 724.79931640625], [1231.486328125, 719.3888549804688], [1235.09326171875, 735.6202392578125], [1235.814697265625, 738.5057983398438], [1213.0906982421875, 718.66748046875], [1209.844482421875, 730.93115234375], [1217.77978515625, 713.61767578125], [1226.4365234375, 744.6376342773438], [1236.5360107421875, 738.5057983398438], [1212.18896484375, 745.5393676757812], [1212.369384765625, 738.8665161132812], [1230.223876953125, 745.5393676757812], [1211.4676513671875, 745.5393676757812], [1222.82958984375, 712.5355834960938], [1226.0758056640625, 712.5355834960938], [1229.682861328125, 712.1749267578125], [1219.22265625, 711.0928344726562]], [[1223.8690185546875, 715.3406982421875], [1210.969970703125, 725.373291015625], [1231.03515625, 719.640380859375], [1235.3348388671875, 736.1224975585938], [1236.0513916015625, 738.2722778320312], [1212.4031982421875, 718.9237670898438], [1209.5367431640625, 731.8228149414062], [1209.8951416015625, 738.9888916015625], [1225.6605224609375, 744.7218017578125], [1231.21435546875, 745.6175537109375], [1236.0513916015625, 737.5557250976562], [1211.6866455078125, 744.0051879882812], [1232.6475830078125, 745.6175537109375], [1236.0513916015625, 737.5557250976562], [1222.0775146484375, 713.5491943359375], [1224.227294921875, 713.1908569335938], [1228.5269775390625, 711.7576293945312], [1218.852783203125, 711.3993530273438]], [[1278.16259765625, 730.2845458984375], [1265.9114379882812, 726.63525390625], [1289.1104736328125, 719.8580322265625], [1295.366455078125, 740.7111206054688], [1294.8450927734375, 743.3177490234375], [1268.7786865234375, 719.336669921875], [1263.044189453125, 733.933837890625], [1269.8214111328125, 714.1234130859375], [1288.06787109375, 749.5736694335938], [1289.6318359375, 724.5499877929688], [1263.5654296875, 743.839111328125], [1267.736083984375, 755.3082885742188], [1289.6318359375, 724.5499877929688], [1262.5228271484375, 745.403076171875], [1275.03466796875, 727.1566162109375], [1281.8118896484375, 727.6779174804688], [1293.802490234375, 731.8485717773438], [1269.8214111328125, 712.0380859375]], [[1291.8096923828125, 722.8833618164062], [1278.968994140625, 724.5792846679688], [1301.5008544921875, 716.0995483398438], [1308.769287109375, 736.450927734375], [1308.769287109375, 738.8737182617188], [1278.2421875, 719.9760131835938], [1279.69580078125, 729.1825561523438], [1283.0877685546875, 738.38916015625], [1303.4390869140625, 742.265625], [1303.9237060546875, 719.491455078125], [1308.28466796875, 738.8737182617188], [1287.9332275390625, 746.14208984375], [1302.95458984375, 719.0068969726562], [1286.964111328125, 744.6884155273438], [1289.386962890625, 714.1613159179688], [1293.7479248046875, 714.1613159179688], [1307.3155517578125, 723.8524169921875], [1281.1495361328125, 729.1825561523438]]], "start": 1}}