{"0": {"traj_sm": [[1271.632568359375, 663.9051513671875], [1273.583984375, 664.6176147460938], [1278.701171875, 662.2188720703125], [1279.326171875, 662.5106201171875], [1279.758544921875, 662.1011962890625], [1279.891845703125, 662.3052368164062], [1281.4310302734375, 661.477294921875], [1281.0091552734375, 661.59326171875], [1281.6505126953125, 661.454345703125], [1764.26220703125, 604.757568359375], [1281.948974609375, 661.1422729492188], [1686.9779052734375, 662.9201049804688], [303.14935302734375, 662.4759521484375], [279.1037292480469, 662.590087890625], [254.35360717773438, 661.199462890625], [1391.9224853515625, 660.0877685546875]], "pose_sm": [[[1254.525634765625, 640.0448608398438], [1274.1827392578125, 641.3714294433594], [1275.75048828125, 644.3862915039062], [1279.1270751953125, 657.8930053710938], [1280.0919189453125, 662.716796875], [1262.7261962890625, 649.2101440429688], [1285.6392822265625, 633.53271484375], [1263.69091796875, 668.98779296875], [1275.26806640625, 668.0230102539062], [1273.8209228515625, 660.3048706054688], [1268.0323486328125, 681.0473022460938], [1270.4442138671875, 668.50537109375], [1274.3033447265625, 660.3048706054688], [1274.3033447265625, 680.56494140625], [1250.6666259765625, 637.6329345703125], [1257.419921875, 635.7034301757812], [1285.6392822265625, 633.53271484375], [1268.2735595703125, 634.4974975585938]], [[1265.0234375, 670.7498168945312], [1267.227294921875, 654.0980224609375], [1278.7366943359375, 644.7926635742188], [1286.817626953125, 633.7730712890625], [1267.9620361328125, 667.321533203125], [1266.982421875, 649.200439453125], [1267.47216796875, 658.99560546875], [1266.982421875, 667.321533203125], [1272.3697509765625, 668.790771484375], [1276.287841796875, 658.99560546875], [1272.3697509765625, 683.9733276367188], [1271.8800048828125, 668.790771484375], [1277.267333984375, 685.4425659179688], [1276.777587890625, 682.9937744140625], [1290.7357177734375, 633.7730712890625], [1264.53369140625, 670.2600708007812], [1287.7972412109375, 633.7730712890625], [1269.1864013671875, 634.7525634765625]], [[1297.4476318359375, 661.925537109375], [1272.0613403320312, 656.9011535644531], [1283.1678466796875, 642.35693359375], [1274.7056884765625, 669.8587646484375], [1273.119140625, 669.8587646484375], [1270.4747314453125, 645.5302124023438], [1273.64794921875, 668.2720947265625], [1271.0035400390625, 667.21435546875], [1271.532470703125, 651.347900390625], [1273.119140625, 664.0410766601562], [1275.234619140625, 668.2720947265625], [1283.1678466796875, 647.1168823242188], [1281.0523681640625, 662.9832763671875], [1270.4747314453125, 664.5699462890625], [1299.0343017578125, 660.3389282226562], [1298.50537109375, 661.3966674804688], [1298.50537109375, 658.7522583007812], [1299.0343017578125, 658.7522583007812]], [[1269.0810546875, 665.8934936523438], [1276.6812744140625, 658.0311584472656], [1284.8056640625, 644.403076171875], [1272.7501220703125, 664.3209838867188], [1273.7984619140625, 670.61083984375], [1279.5640869140625, 645.9755859375], [1273.7984619140625, 670.0867309570312], [1273.2742919921875, 670.61083984375], [1287.426513671875, 645.451416015625], [1286.90234375, 687.3838500976562], [1273.2742919921875, 670.61083984375], [1283.75732421875, 647.5480346679688], [1281.6607666015625, 687.3838500976562], [1272.7501220703125, 670.0867309570312], [1258.07373046875, 638.1132202148438], [1262.7911376953125, 636.0166015625], [1299.4820556640625, 659.0794677734375], [1299.4820556640625, 659.0794677734375]], [[1290.883056640625, 665.45166015625], [1270.0228271484375, 639.6679382324219], [1273.261962890625, 646.2758178710938], [1289.58740234375, 629.4321899414062], [1292.4378662109375, 658.1959228515625], [1272.2254638671875, 649.9036865234375], [1267.8201904296875, 629.4321899414062], [1287.7734375, 631.24609375], [1275.8533935546875, 643.6845092773438], [1275.3350830078125, 665.45166015625], [1272.2254638671875, 667.0064697265625], [1284.663818359375, 643.166259765625], [1284.663818359375, 663.3786010742188], [1272.2254638671875, 667.0064697265625], [1300.7301025390625, 658.7142333984375], [1298.1387939453125, 659.750732421875], [1300.2117919921875, 658.1959228515625], [1298.656982421875, 658.7142333984375]], [[1291.4425048828125, 665.1182250976562], [1271.011474609375, 638.2622985839844], [1273.9669189453125, 648.1565551757812], [1289.6435546875, 629.9099731445312], [1289.6435546875, 629.9099731445312], [1273.9669189453125, 646.6146240234375], [1268.0560302734375, 629.9099731445312], [1273.4530029296875, 641.9887084960938], [1286.3026123046875, 643.0166625976562], [1276.02294921875, 664.0902099609375], [1273.9669189453125, 668.2021484375], [1286.3026123046875, 643.5307006835938], [1284.2467041015625, 663.5762329101562], [1273.4530029296875, 667.1741333007812], [1300.180419921875, 658.4363403320312], [1298.638427734375, 658.9503173828125], [1300.6943359375, 658.4363403320312], [1299.15234375, 658.4363403320312]], [[1261.640869140625, 640.1060180664062], [1275.079833984375, 656.9706420898438], [1286.4107666015625, 643.2681274414062], [1275.3433837890625, 665.929931640625], [1275.3433837890625, 668.0380249023438], [1274.289306640625, 644.8491821289062], [1275.870361328125, 669.0921020507812], [1276.3973388671875, 668.0380249023438], [1285.356689453125, 669.6190795898438], [1284.8297119140625, 686.4837036132812], [1275.870361328125, 680.6864624023438], [1290.099853515625, 644.3222045898438], [1284.8297119140625, 687.0107421875], [1286.4107666015625, 680.6864624023438], [1258.478759765625, 637.9979858398438], [1263.7489013671875, 635.3628540039062], [1301.167236328125, 658.024658203125], [1300.11328125, 658.024658203125]], [[1261.623291015625, 640.141357421875], [1290.2899780273438, 655.1203308105469], [1288.482177734375, 647.37255859375], [1300.362060546875, 659.25244140625], [1276.602294921875, 669.582763671875], [1304.494140625, 642.7239379882812], [1276.0858154296875, 667.5167236328125], [1292.6142578125, 662.8680419921875], [1289.51513671875, 645.3065185546875], [1284.3499755859375, 686.1112670898438], [1288.740478515625, 694.1172485351562], [1290.03173828125, 644.2734985351562], [1284.8665771484375, 686.6278076171875], [1281.5091552734375, 694.1172485351562], [1257.74951171875, 638.3335571289062], [1264.2059326171875, 636.0092163085938], [1301.39501953125, 658.2194213867188], [1300.8785400390625, 658.2194213867188]], [[1261.844970703125, 639.5392456054688], [1275.8214721679688, 650.6149291992188], [1286.633544921875, 642.1763305664062], [1274.5029296875, 652.1971435546875], [1275.5577392578125, 669.601806640625], [1274.5029296875, 644.8133544921875], [1277.1400146484375, 656.41650390625], [1275.5577392578125, 669.601806640625], [1290.852783203125, 647.450439453125], [1289.7979736328125, 688.5887451171875], [1276.6126708984375, 680.6775512695312], [1290.325439453125, 643.758544921875], [1283.9964599609375, 686.4790649414062], [1275.5577392578125, 668.0195922851562], [1258.6805419921875, 637.9569702148438], [1264.4820556640625, 635.8473510742188], [1301.928466796875, 657.9987182617188], [1300.34619140625, 657.9987182617188]], [[1771.1561279296875, 599.7162475585938], [1743.4492797851562, 625.7179870605469], [1793.321533203125, 615.9140625], [1743.0230712890625, 624.439208984375], [1741.3179931640625, 624.439208984375], [1746.43310546875, 624.439208984375], [1740.4654541015625, 626.9967651367188], [1737.055419921875, 622.7341918945312], [1756.663330078125, 634.66943359375], [1744.72802734375, 630.4067993164062], [1739.613037109375, 626.1442260742188], [1789.9114990234375, 619.3240966796875], [1737.907958984375, 627.8492431640625], [1738.760498046875, 626.9967651367188], [1769.4510498046875, 594.6011352539062], [1772.861083984375, 594.6011352539062], [1778.8287353515625, 595.4536743164062], [1769.4510498046875, 599.7162475585938]], [[1261.9556884765625, 641.1489868164062], [1304.4059448242188, 652.1940612792969], [1306.934326171875, 645.6735229492188], [1275.7952880859375, 665.6344604492188], 