{"0": {"traj_sm": [[666.6824951171875, 654.8251953125], [666.779052734375, 655.1229248046875], [567.607666015625, 686.493408203125], [568.769287109375, 685.7198486328125], [569.197021484375, 686.2677612304688], [569.8359985351562, 685.9346923828125], [570.8035888671875, 685.6342163085938], [219.77642822265625, 764.9180908203125], [1810.190185546875, 652.7811279296875], [1811.511474609375, 652.331298828125], [1812.788330078125, 652.2183837890625], [1813.45263671875, 653.057861328125], [1813.9237060546875, 653.2078247070312], [1820.7923583984375, 653.7134399414062], [1820.3427734375, 651.688232421875], [1819.9654541015625, 651.80615234375], [304.23162841796875, 644.1971435546875], [85.44110107421875, 582.366455078125], [43.9609260559082, 568.368896484375], [43.12507629394531, 559.0707397460938]], "pose_sm": [[[670.716064453125, 639.51708984375], [669.6931762695312, 632.3569946289062], [658.2555541992188, 631.5201416015625], [655.4659423828125, 640.6329345703125], [658.4415283203125, 647.7000732421875], [667.9263916015625, 631.5201416015625], [671.4599609375, 633.19384765625], [671.6459350585938, 631.5201416015625], [662.5330810546875, 650.67578125], [660.6732788085938, 656.6270751953125], [660.6732788085938, 667.78564453125], [669.6002197265625, 651.419677734375], [673.6917114257812, 648.444091796875], [680.3868408203125, 668.1575927734375], [668.6702880859375, 631.5201416015625], [671.8319091796875, 635.797607421875], [664.392822265625, 636.9134521484375], [664.392822265625, 636.54150390625]], [[665.2508544921875, 665.7637939453125], [665.0664978027344, 640.1350402832031], [656.9537963867188, 632.0223388671875], [670.0447387695312, 634.4192504882812], [672.6260375976562, 650.27587890625], [658.2444458007812, 646.5883178710938], [671.8885498046875, 633.6817626953125], [672.441650390625, 632.0223388671875], [670.0447387695312, 655.0697631835938], [657.5069580078125, 655.4385375976562], [649.57861328125, 673.3233032226562], [673.3635864257812, 660.9699096679688], [674.10107421875, 647.3258056640625], [684.241943359375, 677.0109252929688], [661.5632934570312, 662.4449462890625], [670.4135131835938, 662.4449462890625], [656.7694091796875, 664.2887573242188], [664.1445922851562, 634.4192504882812]], [[566.3305053710938, 680.6924438476562], [565.1995239257812, 688.6090393066406], [567.9461059570312, 678.753662109375], [568.91552734375, 691.0325317382812], [552.5975952148438, 704.4422607421875], [573.4392700195312, 684.246826171875], [556.9597778320312, 692.9712524414062], [575.701171875, 685.2162475585938], [560.5142211914062, 706.219482421875], [576.0242919921875, 685.5393676757812], [560.9989013671875, 707.0272827148438], [558.8985595703125, 694.5869140625], [576.99365234375, 685.2162475585938], [559.867919921875, 705.8963623046875], [574.0855102539062, 678.107421875], [576.99365234375, 679.3999633789062], [569.561767578125, 676.4917602539062], [575.701171875, 678.753662109375]], [[574.8052368164062, 681.316650390625], [560.1745910644531, 688.6714782714844], [554.7177734375, 694.4446411132812], [555.5086059570312, 697.4498901367188], [574.4888916015625, 687.0107421875], [566.2640991210938, 679.7349243164062], [554.0850830078125, 697.6080322265625], [554.0850830078125, 695.0773315429688], [554.0850830078125, 692.546630859375], [570.6928100585938, 691.1231079101562], [554.0850830078125, 695.0773315429688], [554.0850830078125, 693.1793212890625], [569.427490234375, 691.1231079101562], [554.0850830078125, 695.7100219726562], [564.9987182617188, 684.4800415039062], [576.3869018554688, 678.4696044921875], [570.6928100585938, 675.9389038085938], [576.070556640625, 678.4696044921875]], [[575.1771240234375, 683.4796752929688], [563.5122985839844, 694.8313598632812], [569.227294921875, 679.0955810546875], [554.6658325195312, 696.78857421875], [573.2982177734375, 689.1163940429688], [572.3587646484375, 692.2478637695312], [554.6658325195312, 697.4148559570312], [569.227294921875, 676.903564453125], [554.6658325195312, 693.03076171875], [572.045654296875, 690.68212890625], [560.3025512695312, 706.1830444335938], [569.8535766601562, 689.1163940429688], [572.3587646484375, 692.56103515625], [570.7930297851562, 676.5903930664062], [573.6113891601562, 679.4087524414062], [576.7428588867188, 679.721923828125], [571.106201171875, 675.024658203125], [577.0560302734375, 679.4087524414062]], [[568.646484375, 683.8236083984375], [572.4862976074219, 693.6534729003906], [573.5614624023438, 692.1175537109375], [557.587890625, 694.5750732421875], [573.86865234375, 688.738525390625], [573.2542724609375, 692.4247436523438], [571.7183227539062, 694.8822021484375], [568.0321044921875, 679.5230102539062], [570.4896240234375, 688.738525390625], [570.4896240234375, 692.4247436523438], [558.8165893554688, 703.79052734375], [570.4896240234375, 688.738525390625], [571.7183227539062, 692.1175537109375], [559.7381591796875, 703.1762084960938], [568.0321044921875, 679.8302001953125], [575.404541015625, 681.0589599609375], [571.4111328125, 676.451171875], [575.7117309570312, 676.7583618164062]], [[565.7787475585938, 702.708740234375], [580.0643615722656, 687.7916564941406], [557.8861083984375, 680.925048828125], [574.302734375, 689.7648315429688], [573.987060546875, 688.186279296875], [574.302734375, 686.9234619140625], [585.8259887695312, 688.6598510742188], [581.248291015625, 695.76318359375], [571.777099609375, 691.0276489257812], [573.3556518554688, 689.7648315429688], [559.3067626953125, 705.7079467773438], [556.1497192382812, 694.9739379882812], [573.0399169921875, 689.4490966796875], [559.3067626953125, 705.7079467773438], [568.6200561523438, 680.925048828125], [573.0399169921875, 680.925048828125], [567.0415649414062, 683.135009765625], [578.72265625, 688.186279296875]], [[218.10494995117188, 764.6942138671875], [252.84890747070312, 802.3335571289062], [192.04696655273438, 790.752197265625], [170.33197021484375, 803.78125], [196.38995361328125, 796.5428466796875], [251.4012451171875, 789.3045654296875], [254.29656982421875, 815.362548828125], [283.2499084472656, 780.6185302734375], [200.73294067382812, 839.972900390625], [179.0179443359375, 795.09521484375], [163.0936279296875, 808.124267578125], [235.4769287109375, 841.4205322265625], [264.43023681640625, 799.438232421875], [239.81991577148438, 816.8101806640625], [213.76193237304688, 757.4559326171875], [223.89559936523438, 757.4559326171875], [206.52362060546875, 761.7989501953125], [234.02926635742188, 758.903564453125]], [[1799.679443359375, 596.533447265625], [1792.9036254882812, 620.2489013671875], [1826.7828369140625, 611.7791137695312], [1782.7398681640625, 621.94287109375], [1775.9639892578125, 640.576416015625], [1797.9854736328125, 610.0851440429688], [1787.82177734375, 630.4126586914062], [1777.657958984375, 645.6583251953125], [1801.3734130859375, 652.4341430664062], [1818.31298828125, 686.3133544921875], [1828.476806640625, 716.8046875], [1813.231201171875, 655.8220825195312], [1801.3734130859375, 684.619384765625], [1804.7613525390625, 716.8046875], [1804.7613525390625, 591.4515991210938], [1801.3734130859375, 589.7576293945312], [1823.3948974609375, 591.4515991210938], [1801.3734130859375, 589.7576293945312]], [[1790.81201171875, 602.8007202148438], [1804.379638671875, 626.5440368652344], [1797.5958251953125, 616.3683471679688], [1785.72412109375, 628.239990234375], [1778.9403076171875, 640.1116333007812], [1814.5552978515625, 616.3683471679688], [1794.2039794921875, 636.7197265625], [1778.9403076171875, 645.1995239257812], [1802.6837158203125, 651.9833374023438], [1819.6431884765625, 685.9024047851562], [1804.379638671875, 716.4295043945312], [1817.947265625, 653.6792602539062], [1806.0755615234375, 685.9024047851562], [1807.771484375, 716.4295043945312], [1794.2039794921875, 596.0169067382812], [1792.5079345703125, 594.3209228515625], [1823.03515625, 594.3209228515625], [1802.6837158203125, 594.3209228515625]], [[1790.7769775390625, 600.19189453125], [1798.2808227539062, 626.0382690429688], [1824.127197265625, 