{"0": {"traj_sm": [[142.79647827148438, 612.2552490234375], [1118.3125, 980.8433227539062]], "pose_sm": [[[139.8860626220703, 601.4470825195312], [144.7324447631836, 610.4218444824219], [143.1169891357422, 606.1139526367188], [138.45010375976562, 611.498779296875], [136.29615783691406, 616.1657104492188], [146.347900390625, 606.4729614257812], [143.1169891357422, 614.3707275390625], [137.01412963867188, 617.9606323242188], [142.04000854492188, 621.550537109375], [134.50120544433594, 619.755615234375], [139.52706909179688, 624.781494140625], [144.55294799804688, 622.9865112304688], [134.86019897460938, 621.1915893554688], [138.80909729003906, 625.1404418945312], [140.24505615234375, 599.652099609375], [140.6040496826172, 599.652099609375], [146.347900390625, 599.2930908203125], [142.75799560546875, 600.0111083984375]], [[1121.9193115234375, 968.198974609375], [1117.3786010742188, 978.9534606933594], [1120.4854736328125, 974.890625], [1123.353271484375, 987.7960205078125], [1124.7872314453125, 994.4877319335938], [1110.9259033203125, 973.4567260742188], [1123.831298828125, 984.4501953125], [1123.831298828125, 996.3995971679688], [1114.749755859375, 989.2299194335938], [1117.1396484375, 996.8776245117188], [1120.4854736328125, 1009.7828979492188], [1120.4854736328125, 989.7079467773438], [1121.9193115234375, 997.8335571289062], [1122.3973388671875, 1002.1353149414062], [1121.9193115234375, 964.3751220703125], [1122.3973388671875, 967.2429809570312], [1121.44140625, 966.7650146484375], [1117.1396484375, 963.8971557617188]]], "start": 1}}