{"0": {"traj_sm": [[481.59149169921875, 631.5032958984375], [368.8964538574219, 660.9654541015625], [368.4913330078125, 660.003662109375], [364.0400390625, 659.9678344726562], [355.7462158203125, 665.4921875], [355.29736328125, 659.0521850585938], [346.3631591796875, 652.0714721679688], [857.50341796875, 660.6380615234375], [863.7471313476562, 671.7332763671875], [921.7120361328125, 668.9502563476562], [934.4915161132812, 686.99560546875], [950.395263671875, 674.6859130859375], [954.942626953125, 674.4052124023438], [1068.7945556640625, 634.166259765625], [1077.49169921875, 633.0813598632812], [1330.3922119140625, 585.53515625], [1214.2734375, 680.1331787109375], [1218.98828125, 680.8484497070312], [1381.95458984375, 606.6396484375]], "pose_sm": [[[495.70135498046875, 583.6127319335938], [501.1830749511719, 589.4725341796875], [471.5060729980469, 585.1249389648438], [467.3475036621094, 601.3811645507812], [492.67694091796875, 585.1249389648438], [494.56719970703125, 595.3323364257812], [507.7989501953125, 583.6127319335938], [500.23797607421875, 585.1249389648438], [474.15240478515625, 608.942138671875], [475.66461181640625, 633.137451171875], [470.3719177246094, 659.6010131835938], [490.03057861328125, 606.673828125], [494.56719970703125, 630.869140625], [489.27447509765625, 661.8693237304688], [477.93292236328125, 611.966552734375], [483.60369873046875, 583.6127319335938], [471.5060729980469, 585.1249389648438], [489.65252685546875, 583.6127319335938]], [[375.2229309082031, 630.540283203125], [358.1916809082031, 643.9860229492188], [373.4301452636719, 637.7113647460938], [376.1192932128906, 650.2606811523438], [381.4975891113281, 658.328125], [359.98443603515625, 637.7113647460938], [356.39892578125, 650.2606811523438], [358.1916809082031, 661.9136352539062], [370.74102783203125, 662.8099975585938], [369.8446350097656, 683.4267578125], [370.74102783203125, 698.665283203125], [362.673583984375, 662.8099975585938], [362.673583984375, 683.4267578125], [371.63739013671875, 698.665283203125], [373.4301452636719, 627.8511352539062], [374.3265380859375, 628.74755859375], [372.5337829589844, 628.74755859375], [363.5699768066406, 627.8511352539062]], [[367.5270080566406, 610.2275390625], [367.03887939453125, 633.1690673828125], [364.5982971191406, 623.8948364257812], [372.4081726074219, 639.5145874023438], [378.2655944824219, 656.110595703125], [362.64581298828125, 623.8948364257812], [371.43194580078125, 642.4432983398438], [378.2655944824219, 655.1343383789062], [364.5982971191406, 660.9917602539062], [364.5982971191406, 685.3976440429688], [363.6220397949219, 690.27880859375], [364.5982971191406, 660.0155639648438], [363.6220397949219, 685.3976440429688], [358.7408752441406, 690.27880859375], [365.57452392578125, 609.2512817382812], [365.57452392578125, 611.2037963867188], [364.5982971191406, 611.2037963867188], [360.6933288574219, 612.1799926757812]], [[363.09808349609375, 615.7679443359375], [366.94325256347656, 634.0324096679688], [363.09808349609375, 627.3034057617188], [368.8658142089844, 642.6839599609375], [377.5174255371094, 655.1807250976562], [362.1368103027344, 627.3034057617188], [371.74969482421875, 640.7614135742188], [374.633544921875, 653.2581787109375], [363.09808349609375, 659.9871826171875], [362.1368103027344, 680.1742553710938], [361.1755065917969, 701.3225708007812], [364.05938720703125, 659.9871826171875], [359.2529296875, 679.2129516601562], [365.9819641113281, 699.4000244140625], [361.1755065917969, 612.884033203125], [363.09808349609375, 615.7679443359375], [361.1755065917969, 616.7291870117188], [357.3303527832031, 617.6904907226562]], [[358.7133483886719, 587.0445556640625], [356.8629913330078, 638.2371520996094], [355.62945556640625, 630.8358154296875], [360.56365966796875, 645.6384887695312], [361.7972106933594, 664.141845703125], [351.92877197265625, 630.8358154296875], [361.7972106933594, 645.6384887695312], [365.4978942871094, 641.9378662109375], [355.62945556640625, 665.3754272460938], [356.8630065917969, 687.5794677734375], [360.56365966796875, 706.082763671875], [354.3958740234375, 665.3754272460938], [349.461669921875, 686.3458862304688], [360.56365966796875, 706.082763671875], [356.2462158203125, 587.0445556640625], [358.7133483886719, 587.0445556640625], [354.3958740234375, 618.500244140625], [348.2281188964844, 619.7338256835938]], [[355.14825439453125, 586.2025146484375], [345.4115753173828, 606.9740600585938], [338.2713317871094, 596.5882568359375], [339.5695495605469, 617.35986328125], [352.55181884765625, 626.4473876953125], [346.0606994628906, 596.5882568359375], [344.762451171875, 617.35986328125], [339.5695495605469, 669.288818359375], [352.55181884765625, 666.6923828125], [352.55181884765625, 690.0604248046875], [357.7447204589844, 708.235595703125], [349.9553527832031, 666.6923828125], [343.4642333984375, 691.358642578125], [339.5695495605469, 713.428466796875], [353.85003662109375, 582.307861328125], [355.14825439453125, 583.6060791015625], [349.9553527832031, 582.307861328125], [342.81512451171875, 579.062255859375]], [[350.5220031738281, 603.54296875], [346.1313934326172, 639.399658203125], [347.5949401855469, 629.8866577148438], [351.98553466796875, 641.594970703125], [356.37615966796875, 667.9386596679688], [340.2772521972656, 629.8866577148438], [351.98553466796875, 648.9126586914062], [330.032470703125, 663.5480346679688], [344.6678466796875, 662.08447265625], [346.1313781738281, 686.9646606445312], [346.1313781738281, 707.4541625976562], [344.6678466796875, 662.08447265625], [341.74078369140625, 685.5010986328125], [349.0584716796875, 707.4541625976562], [349.0584716796875, 600.6159057617188], [347.5949401855469, 600.6159057617188], [346.1313781738281, 594.76171875], [338.8136901855469, 615.2512817382812]], [[869.6569213867188, 650.7113037109375], [841.4432373046875, 654.3913269042969], [867.2035522460938, 670.3381958007812], [874.5635986328125, 701.0051879882812], [878.24365234375, 701.0051879882812], [835.309814453125, 669.1115112304688], [847.57666015625, 639.671142578125], [836.5364990234375, 650.7113037109375], [863.5234985351562, 719.4053955078125], [863.5234985351562, 682.60498046875], [875.790283203125, 701.0051879882812], [847.57666015625, 719.4053955078125], [852.4833374023438, 683.8316650390625], [842.669921875, 703.4585571289062], [868.4302368164062, 645.8045654296875], [869.6569213867188, 647.03125], [867.2035522460938, 645.8045654296875], [848.8033447265625, 645.8045654296875]], [[875.216064453125, 651.8623657226562], [838.6528930664062, 683.724609375], [873.126708984375, 671.7109985351562], [882.5286865234375, 703.0508422851562], [886.7073364257812, 703.0508422851562], [839.6975708007812, 671.7109985351562], [837.6082153320312, 695.7382202148438], [888.796630859375, 660.2196655273438], [872.0820922851562, 718.7207641601562], [877.3053588867188, 681.1129150390625], [884.6180419921875, 700.9614868164062], [851.1888427734375, 716.6314086914062], [852.2335205078125, 686.3362426757812], [844.9208374023438, 704.0955200195312], [875.216064453125, 648.7283935546875], [875.216064453125, 649.7730712890625], [873.126708984375, 649.7730712890625], [855.3674926757812, 647.6837768554688]], [[935.8046264648438, 647.4208984375], [904.4010925292969, 658.669921875], [932.9923706054688, 629.6099243164062], [932.9923706054688, 641.79638671875], [950.8033447265625, 655.857666015625], [894.5581665039062, 676.4808959960938], [914.2440185546875, 640.8589477539062], [953.6156005859375, 653.9828491210938], [924.5556030273438, 653.9828491210938], [921.7433471679688, 683.980224609375], [924.5556030273438, 706.4783325195312], [919.8685302734375, 653.04541015625], [917.0562744140625, 684.9176635742188], [908.6195068359375, 710.2279663085938], [933.9298095703125, 641.79638671875], [935.8046264648438, 641.79638671875], [934.8671875, 644.608642578125], [913.3065795898438, 644.608642578125]], [[948.3248291015625, 652.1334838867188], [923.9771118164062, 681.1188049316406], [941.3682861328125, 674.162353515625], 