{"0": {"traj_sm": [[1489.4267578125, 507.2246398925781], [1100.4180908203125, 714.153564453125], [892.4931640625, 687.6651611328125], [893.9356079101562, 685.125], [901.903076171875, 677.2715454101562], [904.4264526367188, 678.0020141601562], [910.7655639648438, 690.92529296875], [914.222900390625, 699.7870483398438], [916.4528198242188, 708.6865234375], [918.2896728515625, 721.323486328125], [919.239990234375, 725.407958984375], [922.04736328125, 731.34619140625], [937.7422485351562, 723.11376953125], [951.535888671875, 711.4207763671875]], "pose_sm": [[[1456.1905517578125, 330.0472717285156], [1555.150146484375, 453.7467041015625], [1438.1978759765625, 411.0141296386719], [1429.2015380859375, 532.464599609375], [1451.6923828125, 523.46826171875], [1546.15380859375, 402.0178527832031], [1564.146484375, 505.4755554199219], [1501.1722412109375, 514.471923828125], [1451.6923828125, 577.4461669921875], [1456.1905517578125, 617.9295654296875], [1447.1942138671875, 734.8818359375], [1532.6593017578125, 572.947998046875], [1523.6629638671875, 631.424072265625], [1447.1942138671875, 725.885498046875], [1442.696044921875, 321.0509338378906], [1460.688720703125, 316.5527648925781], [1438.1978759765625, 334.5453796386719], [1492.1759033203125, 321.0509338378906]], [[1092.7684326171875, 685.7083129882812], [1104.4308471679688, 694.2794494628906], [1078.436279296875, 678.6827392578125], [1073.93994140625, 701.1644897460938], [1083.213623046875, 711.000244140625], [1100.9180908203125, 678.6827392578125], [1107.943603515625, 709.8761596679688], [1110.7537841796875, 748.6571655273438], [1088.2720947265625, 714.3724975585938], [1102.88525390625, 732.35791015625], [1096.140625, 745.284912109375], [1101.7611083984375, 714.3724975585938], [1101.7611083984375, 740.78857421875], [1101.7611083984375, 745.284912109375], [1096.4217529296875, 678.6827392578125], [1094.1734619140625, 678.6827392578125], [1095.297607421875, 678.6827392578125], [1106.2574462890625, 708.7520751953125]], [[894.84228515625, 677.3346557617188], [878.0682373046875, 694.6370239257812], [867.6339721679688, 689.2218017578125], [892.72900390625, 694.7691040039062], [902.7670288085938, 679.9762573242188], [868.6906127929688, 693.4483032226562], [887.4458618164062, 695.8257446289062], [873.7095947265625, 704.80712890625], [889.0308227539062, 685.7877197265625], [894.84228515625, 697.4107055664062], [896.95556640625, 710.6185913085938], [889.0308227539062, 685.2593994140625], [885.3325805664062, 695.8257446289062], [874.2379150390625, 706.39208984375], [895.37060546875, 673.6364135742188], [895.89892578125, 673.6364135742188], [893.25732421875, 676.2780151367188], [891.6724243164062, 677.8629760742188]], [[899.48876953125, 673.6569213867188], [890.7121887207031, 682.1675720214844], [893.6376953125, 680.0399169921875], [896.2973022460938, 692.2739868164062], [906.4036865234375, 681.103759765625], [892.0419921875, 672.0611572265625], [889.3823852539062, 692.2739868164062], [877.1483154296875, 700.7846069335938], [893.6376953125, 682.699462890625], [897.3611450195312, 694.9335327148438], [898.9569091796875, 708.2314453125], [892.5739135742188, 682.1675415039062], [888.8504638671875, 693.3378295898438], [877.6802368164062, 702.9122924804688], [898.4249877929688, 670.997314453125], [899.48876953125, 670.4653930664062], [896.8292236328125, 671.5292358398438], [892.0419921875, 670.997314453125]], [[907.0961303710938, 654.8583374023438], [896.0535888671875, 661.207763671875], [905.4397583007812, 657.6189575195312], [905.9918823242188, 666.4530029296875], [909.3046264648438, 671.9742431640625], [897.7099609375, 657.6189575195312], [894.397216796875, 664.7965698242188], [894.9493408203125, 671.422119140625], [903.7833862304688, 674.73486328125], [905.4397583007812, 689.0901489257812], [903.7833862304688, 701.2369384765625], [898.2620849609375, 674.73486328125], [898.814208984375, 688.5380249023438], [891.08447265625, 696.8198852539062], [907.0961303710938, 653.2019653320312], [906.5440063476562, 653.7540893554688], [905.9918823242188, 652.6498413085938], [901.5748901367188, 652.0977172851562]], [[906.8635864257812, 652.7656860351562], [907.6938171386719, 660.791015625], [905.7566528320312, 656.6400146484375], [898.0081176757812, 664.3885498046875], [907.9705200195312, 671.0301513671875], [906.3101196289062, 656.6400146484375], [909.0775146484375, 664.9420166015625], [908.5240478515625, 669.9232177734375], [901.8823852539062, 672.6905517578125], [904.6497192382812, 685.4203491210938], [900.2219848632812, 698.150146484375], [905.2031860351562, 672.6905517578125], [905.2031860351562, 684.8668823242188], [901.3289184570312, 696.48974609375], [906.8635864257812, 651.6587524414062], [906.3101196289062, 652.7656860351562], [906.8635864257812, 652.2122192382812], [904.0962524414062, 652.2122192382812]], [[917.3056640625, 675.6060180664062], [906.0883483886719, 676.7565307617188], [912.7036743164062, 674.45556640625], [914.429443359375, 680.7832641601562], [917.8809204101562, 683.6594848632812], [907.5264892578125, 674.45556640625], [904.6502075195312, 679.0574951171875], [905.8007202148438, 688.261474609375], [910.9779663085938, 690.5624389648438], [909.8274536132812, 704.943603515625], [908.6769409179688, 717.0237426757812], [906.9512329101562, 689.9871826171875], [909.8274536132812, 704.3683471679688], [904.6502075195312, 715.2980346679688], [916.7304077148438, 675.0308227539062], [916.7304077148438, 673.3050537109375], [914.429443359375, 668.7030639648438], [909.8274536132812, 667.5526123046875]], [[921.3417358398438, 675.3875122070312], [908.734375, 682.9519348144531], [917.5595092773438, 678.5393676757812], [920.0809936523438, 687.994873046875], [916.298828125, 700.6022338867188], [909.9951171875, 678.5393676757812], [907.4736328125, 687.364501953125], [920.0809936523438, 689.255615234375], [913.77734375, 698.7111206054688], [913.14697265625, 712.5792236328125], [905.58251953125, 723.2954711914062], [909.9951171875, 697.4503784179688], [913.14697265625, 711.3184814453125], [915.0380859375, 725.1865844726562], [920.7113647460938, 675.3875122070312], [920.7113647460938, 675.3875122070312], [918.8202514648438, 674.7571411132812], [911.255859375, 673.4963989257812]], [[923.4776000976562, 685.8836059570312], [910.1172485351562, 692.7191162109375], [920.3705444335938, 688.3692626953125], [917.2634887695312, 700.176025390625], [918.50634765625, 708.25439453125], [911.6707763671875, 688.3692626953125], [908.563720703125, 697.0689697265625], [909.1851806640625, 705.1473388671875], [915.3992919921875, 707.6329956054688], [915.3992919921875, 721.3040161132812], [907.3209228515625, 731.8680419921875], [913.5350341796875, 707.6329956054688], [915.3992919921875, 720.0612182617188], [917.2634887695312, 734.3536987304688], [922.856201171875, 684.6407470703125], [922.856201171875, 684.6407470703125], [920.991943359375, 684.0193481445312], [914.77783203125, 682.7765502929688]], [[923.0015869140625, 702.0599365234375], [915.2257690429688, 715.9916076660156], [921.7056274414062, 698.1720581054688], [924.945556640625, 706.5958251953125], [913.9298095703125, 742.8829345703125], [913.9298095703125, 700.7639770507812], [916.521728515625, 731.21923828125], [914.5778198242188, 740.291015625], [917.8177490234375, 721.4994506835938], [918.4656982421875, 731.21923828125], [914.5778198242188, 742.8829345703125], [917.1697387695312, 721.4994506835938], [917.1697387695312, 733.1632080078125], [911.337890625, 740.9390258789062], [923.0015869140625, 701.4119873046875], [923.0015869140625, 700.7639770507812], [922.3536376953125, 695.580078125], [913.9298095703125, 696.2280883789062]], [[920.0458984375, 707.8587036132812], [914.5393371582031, 709.0823669433594], [925.552490234375, 704.7994995117188], [926.164306640625, 713.365234375], [926.164306640625, 718.871826171875], [915.7630004882812, 704.7994995117188], [913.315673828125, 713.365234375], [912.0919799804688, 720.0955200195312], [922.4932861328125, 721.9310302734375], [922.4932861328125, 