{"0": {"traj_sm": [[305.4762878417969, 734.6026611328125], [106.53801727294922, 722.9821166992188], [45.73943328857422, 720.7291870117188], [48.01691436767578, 852.7594604492188]], "pose_sm": [[[273.24945068359375, 725.8720092773438], [314.36778259277344, 782.0950927734375], [264.8579406738281, 767.8295288085938], [266.5362243652344, 781.2559204101562], [259.8230285644531, 771.1860961914062], [352.1295471191406, 777.8993530273438], [276.60601806640625, 786.2908325195312], [256.4664306640625, 766.1512451171875], [278.2843322753906, 799.7172241210938], [248.07492065429688, 749.3682250976562], [259.8230285644531, 774.542724609375], [320.2418518066406, 808.1087036132812], [246.39663696289062, 747.68994140625], [256.4664306640625, 784.612548828125], [273.24945068359375, 715.80224609375], [283.3192443847656, 717.4805297851562], [269.892822265625, 722.5154418945312], [306.8154296875, 725.8720092773438]], [[72.75225830078125, 721.9469604492188], [146.69693756103516, 776.9576721191406], [57.91214370727539, 774.6549072265625], [57.91214370727539, 786.9363403320312], [85.03372192382812, 766.97900390625], [141.32379150390625, 766.97900390625], [152.07008361816406, 786.9363403320312], [89.12754821777344, 763.9086303710938], [92.19792175292969, 750.6036987304688], [87.08064270019531, 771.0728149414062], [87.08064270019531, 760.8382568359375], [137.74168395996094, 786.9363403320312], [93.22137451171875, 771.0728149414062], [89.12754821777344, 765.9555053710938], [74.79916381835938, 713.75927734375], [79.91644287109375, 714.7827758789062], [76.8460693359375, 718.8765869140625], [114.71394348144531, 722.9703979492188]], [[41.606689453125, 719.6849365234375], [78.66863632202148, 773.733642578125], [3.5152435302734375, 772.1893920898438], [1.4562454223632812, 782.484375], [31.31169891357422, 755.7174072265625], [75.58013916015625, 764.98291015625], [81.75713348388672, 782.484375], [32.34120178222656, 757.7764282226562], [29.252708435058594, 732.0389404296875], [29.252708435058594, 778.3663940429688], [28.22320556640625, 763.9534301757812], [31.31169891357422, 729.9799194335938], [32.34120178222656, 769.1008911132812], [35.42969512939453, 762.9238891601562], [31.31169891357422, 709.3899536132812], [51.90167999267578, 711.448974609375], [18.957725524902344, 716.5964965820312], [67.34415435791016, 716.5964965820312]], [[8.0975341796875, 720.8511352539062], [35.97297668457031, 861.6221313476562], [19.247711181640625, 754.3016967773438], [47.12315368652344, 815.6276245117188], [35.97297668457031, 840.7155151367188], [13.672622680664062, 759.8767700195312], [58.27333068847656, 963.3674926757812], [35.97297668457031, 851.8656616210938], [30.397872924804688, 843.5030517578125], [61.06086730957031, 955.0048217773438], [55.48576354980469, 1019.1183471679688], [22.035263061523438, 840.7155151367188], [61.06086730957031, 957.7922973632812], [63.84840393066406, 1019.1183471679688], [8.0975341796875, 720.8511352539062], [5.3099822998046875, 718.0635986328125], [5.3099822998046875, 720.8511352539062], [5.3099822998046875, 720.8511352539062]]], "start": 1}}